Index,User Id,First Name,Last Name,Sex,Email,Phone,Date of birth,Job Title,Age,Price Per Unit,Unit Sold,Salary,Country,State
1,88F7B33d2bcf9f5,Shelby,Terrell,Male,elijah57@example.net,001-084-906-7849x73518,10/26/1945,Games developer,44,2765,905,19209,Switherland,DrieDawa
2,f90cD3E76f1A9b9,Veronica,Summers,Female,bethany14@example.com,214.112.6044x4913,3/24/1910,Psychologist forensic,33,561,2090,25122,Kenya,Colorado
3,DbeAb8CcdfeFC2c,Cynthia,Travis,Male,bthompson@example.com,277.609.7938,7/2/1992,Homeopath,49,2429,2419,10028,China,Madrid
4,A31Bee3c201ef58,Yesenia,Cox,Male,kaitlinkaiser@example.com,584.094.6111,8/3/2017,Market researcher,26,326,1078,9420,Spain,Arba Minch
5,1bA7A3dc874da3c,Lori,Todd,Male,buchananmanuel@example.net,689-207-3558x7233,12/1/1938,Veterinary surgeon,18,2250,910,21643,England,Moscow
6,bfDD7CDEF5D865B,Erin,Day,Male,tconner@example.org,001-171-649-9856x5553,10/28/2015,Waste management officer,22,2532,2152,6422,Canada,Boulder
7,bE9EEf34cB72AF7,Katherine,Buck,Female,conniecowan@example.com,+1-773-151-6685x49162,1/22/1989,Software engineer,22,924,2357,6227,Cameroon,Addis Ababa
8,2EFC6A4e77FaEaC,Ricardo,Hinton,Male,wyattbishop@example.com,001-447-699-7998x88612,3/26/1924,Hydrogeologist,29,2304,2925,14067,Ghana,Kiyv
9,baDcC4DeefD8dEB,Dave,Farrell,Male,nmccann@example.net,603-428-2429x27392,10/6/2018,Lawyer,40,1604,1827,28606,Canada,Hawassa
10,8e4FB470FE19bF0,Isaiah,Downs,Male,virginiaterrell@example.org,+1-511-372-1544x8206,9/20/1964,Engineer site,32,2435,2333,12428,Ghana,Napoli
11,BF0BbA03C29Bb3b,Sheila,Ross,Female,huangcathy@example.com,895.881.4746,3/20/2008,Advertising account executive,36,390,804,28619,South Korea,Rome
12,F738c69fB34E62E,Stacy,Newton,Male,rayleroy@example.org,710.673.3213x80335,10/20/1980,Warden/ranger,55,1729,2848,8157,Ghana,Madrid
13,C03fDADdAadAdCe,Mandy,Blake,Male,jefferynoble@example.org,(992)466-1305x4947,12/8/2007,Scientist clinical (histocompatibility and immunogenetics),60,733,1087,11342,Indonesia,Napoli
14,b759b74BD1dE80d,Bridget,Nash,Female,mercedes44@example.com,(216)627-8359,6/28/2004,Social worker,33,1072,306,7437,UK,Adama
15,1F0B7D65A00DAF9,Crystal,Farmer,Male,pmiranda@example.org,-5791,3/9/1992,Agricultural consultant,56,2376,197,10209,South Africa,Manchester
16,50Bb061cB30B461,Thomas,Knight,Female,braunpriscilla@example.net,-2005,2/18/2006,Sport and exercise psychologist,39,738,179,2313,Russia,Bejing
17,D6dbA5308fEC4BC,Maurice,Rangel,Male,sheenabanks@example.com,(246)187-4969,8/20/2004,Secretary/administrator,60,251,2360,4070,Norway,Hawassa
18,311D775990f066d,Frank,Meadows,Male,gbrewer@example.org,429.965.3902x4447,9/16/2008,Audiological scientist,50,1042,1970,18713,Australia,Bejing
19,7F7E1BAcb0C9AFf,Alvin,Camacho,Male,gilbertdonaldson@example.com,219.436.0887x07551,5/12/1949,Teacher adult education,23,1228,2175,24183,Uganda,Madrid
20,88473e15D5c3cD0,Jared,Mitchell,Female,jcortez@example.com,-8587,1/18/1921,Paediatric nurse,41,2495,2876,16730,Russia,Gondar
21,b31D271F8c200AB,Veronica,Norton,Female,carias@example.net,819.309.7679x59173,10/9/1952,Game Developer,34,2366,154,23221,Indonesia,Boulder
22,42F4BdA841aBadC,Jacqueline,Hatfield,Female,fknox@example.org,638.584.1090,10/14/1949,Commercial horticulturist,60,173,457,9030,Uganda,Rome
23,cBbBcA0FCA3C4Bc,Randy,Barnes,Male,huangbill@example.org,001-960-629-7164x67214,12/30/1947,Outdoor activities/education manager,58,1882,2622,17769,France,Kiyv
24,f1f89173353aD90,Janice,Rhodes,Female,juarezdominique@example.net,001-249-314-9742x6996,11/1/1999,Drilling engineer,38,2383,2335,6314,South Africa,Colorado
25,c5B09fb33e8bA0A,Alfred,Mcneil,Female,cassandramorris@example.com,(468)276-9509x53058,5/28/1993,Systems analyst,51,889,1443,5885,Ukraine,Moscow
26,c9F2282C40BEC1E,Sean,Levine,Male,sallymiller@example.net,4915828504,10/9/2010,Conservation officer nature,22,751,326,27424,Spain,Arba Minch
27,9c1bc7EC53Fb7cE,Louis,Payne,Male,bsullivan@example.net,6232695307,1/29/1916,Counsellor,53,1688,1220,14178,England,Addis Ababa
28,ddEc50e2A2e3a2B,Brittney,Vega,Female,ayalajose@example.net,945-739-8686,10/31/1932,Recycling officer,49,1289,1347,4279,Australia,Gondar
29,66F096D36Ebae11,Judy,Buckley,Male,irosales@example.net,001-654-208-1241x52830,7/28/1963,Art gallery manager,31,2883,1677,16100,South Africa,Colorado
30,F0fE2faAd78F8b5,Norman,Weber,Male,mconrad@example.com,223.002.0429,5/21/1957,Software engineer,52,2567,1656,20700,Indonesia,Adama
31,5d2feAfbdCAA6B5,Isaiah,Camacho,Female,jimblake@example.org,001-536-544-3367,4/7/1966,Food technologist,52,79,972,21896,Ukraine,Jimma
32,cDa5F303fCd6dEa,Jacqueline,Gallagher,Male,nsampson@example.net,(247)762-8934,2/25/1999,Building services engineer,54,2920,2815,21700,Indonesia,Arba Minch
33,8Ef7DBfcaB02b6B,Bonnie,Andrews,Female,caitlin24@example.net,+1-253-987-2776x9161,12/21/1953,Seismic interpreter,53,733,1144,10063,South Korea,Arba Minch
34,6Dec5b5542F8ed8,Brandon,Schmidt,Female,mconley@example.net,+1-386-673-1465x006,5/12/1931,Lawyer,57,2391,2314,3775,Kenya,Rome
35,3Fb8a7f68e12784,Jackson,Sparks,Female,reynoldsdarryl@example.net,(137)908-3129x65035,11/18/1980,Set designer,44,968,1395,21358,Ghana,Manchester
36,035eff50B9A0F24,Melody,Cook,Male,jeannovak@example.org,(826)792-7381,6/25/1963,Accounting technician,23,2675,609,26369,Russia,Colorado
37,aa614aAE4B7Cf0C,Leonard,Hurst,Male,clinton78@example.org,941-038-0427x38800,3/13/1938,Accounting technician,52,2076,486,6853,Australia,Addis Ababa
38,ACcde95AAe3e6cC,Gene,Rich,Female,luisdeleon@example.org,+1-356-818-6604x89537,8/22/1946,Surveyor quantity,57,2467,1219,1420,Kenya,Kiyv
39,b6a35de5CB6fc25,Cynthia,Wiggins,Female,rosariodave@example.org,(110)858-2437x70190,1/27/1984,Outdoor activities/education manager,59,2944,2615,23337,Switherland,Manchester
40,e92A191E345fA3A,Tanya,Mckinney,Female,vickihouston@example.com,(830)774-9002x086,3/12/2003,Information systems manager,22,2427,794,16152,South Africa,DrieDawa
41,7D0AcBF6CCac3fd,Ricardo,Stone,Female,evelyn31@example.org,952-381-6360,8/23/2017,Scientist clinical (histocompatibility and immunogenetics),57,1923,299,7915,Russia,Napoli
42,CEFA7BBCef013AE,Kirk,Walsh,Female,stephenfuller@example.org,001-826-496-5529x8661,4/8/2009,Accounting technician,46,2388,2806,3441,England,Addis Ababa
43,9edBC94aE7cA22a,Willie,Vang,Female,haleymathews@example.net,741.168.6854x067,2/2/1978,Management consultant,33,2781,111,17399,Ghana,Napoli
44,fFe7BAA737aDbe2,Miguel,Hill,Female,tyrone56@example.org,5247842945,8/26/1930,Make,57,1337,609,17688,Finland,Geneva
45,5F2f3fAca8B0946,Darren,Andrews,Male,lhernandez@example.com,(975)799-4261,10/4/1997,Retail banker,45,2439,2731,22769,Ghana,Athens
46,6bFcfc3cc1BC6B4,Haley,Pugh,Female,molly03@example.org,(746)182-6137x2453,9/16/1980,Commissioning editor,43,2479,361,21746,Russia,Addis Ababa
47,f3BD2cBF7eEb6df,Danielle,Estrada,Female,jvang@example.org,(890)374-9518x772,7/9/1930,Accountant,36,2952,2618,15706,UK,Arba Minch
48,Ee4eB129dC7913A,Fred,Brady,Male,erikmueller@example.org,(390)002-0863,6/27/1957,Seismic interpreter,21,1378,2739,21530,China,Boulder
49,dBCEf340C3657Eb,Caitlyn,Frey,Male,rivasdominique@example.org,805-021-3965x46344,1/26/1968,Accounting technician,32,786,1165,2050,England,Boulder
50,E47FB71DD9ACCd9,Joshua,Sweeney,Male,daisymcgee@example.net,875.994.2100x535,7/28/1954,Education officer museum,45,1390,1691,17711,Finland,Colorado
51,eA3fDd79BE9f0E7,Heidi,Escobar,Female,staffordtravis@example.net,601-155-3065x1131,9/25/1931,Estate manager/land agent,34,890,1776,10928,Switherland,Hawassa
52,aF0eE4547Bc025c,Brian,Oconnell,Female,saralong@example.net,952-283-1423x733,10/23/1911,Physiotherapist,53,2308,1832,15865,Russia,DrieDawa
53,9F5DeD7aD228F5a,Beverly,Esparza,Female,iphelps@example.net,+1-327-578-8754x6771,12/9/1930,Passenger transport manager,31,507,2903,20006,South Africa,Addis Ababa
54,D3Fa0220dDE4d36,Nathaniel,Rivas,Female,roberto29@example.com,(655)887-2040x37888,11/17/1908,Call centre manager,24,58,430,29175,China,DrieDawa
55,60FdBFd5e7BE8fF,Debra,Payne,Female,yolanda07@example.org,001-731-525-8400x52593,8/20/1927,Special educational needs teacher,25,2567,1414,8498,Cameroon,Madrid
56,D8bF5Ab2b98caff,Mackenzie,Rocha,Female,abbottyvette@example.net,4225525458,10/21/1980,Game Developer,54,2412,1841,888,France,DrieDawa
57,CD8d33aA25bc8BB,Bonnie,Watkins,Female,ochang@example.org,210.683.2761x5883,12/7/2003,Pension scheme manager,27,774,2137,3201,Russia,Geneva
58,Fac3BfFf0A3d03c,Fred,Olsen,Female,amyanderson@example.com,497-774-3053,4/10/1910,Archaeologist,38,1943,1612,25445,Ethiopia,Napoli
59,e552D7ddafe1FFb,Ryan,Nelson,Female,qnorman@example.org,956.330.2951,5/2/1924,Historic buildings inspector/conservation officer,20,106,627,15373,China,Napoli
60,0f8deedb629A5f6,Grace,Phelps,Male,clarkeangela@example.net,(034)867-8827x6777,10/15/1909,Petroleum engineer,42,2785,1605,1450,South Korea,Gondar
61,bB9e49E506F65ed,Shari,Daugherty,Male,kalvarado@example.org,001-951-655-4798x6124,11/24/1944,Curator,60,2751,133,25269,Cameroon,Boulder
62,Ed724605A403D91,Kelli,Garner,Male,jodyvincent@example.org,995.000.4213x0982,1/17/2010,Retail banker,20,720,1284,602,Ukraine,Addis Ababa
63,0aBE5ACb18E0c10,Jackie,Bennett,Male,hutchinsonkirk@example.com,001-740-937-0846x0087,11/11/1915,Neurosurgeon,34,2386,1066,14693,Ghana,Alamosa
64,5D2cb63CaAF53f6,Leslie,Conway,Female,floreschristina@example.org,795.782.4384x555,11/6/1983,Chiropractor,51,2623,337,13454,China,Adama
65,Ee6974f90eeCe18,Harold,Barnett,Female,nathan65@example.org,-6682,3/15/1943,Biochemist clinical,24,2142,1852,24832,Spain,Athens
66,cEf02C076afa07f,Larry,Harper,Male,maria32@example.org,+1-244-630-3792x4121,5/5/2021,Scientist water quality,34,2230,1799,10188,Finland,London
67,9Df5Ba591bF3EFf,Mike,Ward,Female,imccullough@example.com,116-729-5046,11/9/1967,Hydrologist,19,2705,2606,16241,UK,Athens
68,3faB1CBfEFBDdD4,Brittney,Rubio,Female,corey92@example.com,593.976.2528,12/24/1959,Biochemist clinical,51,623,1409,15548,Finland,Hawassa
69,Ebcefdf75eCb0a9,Ricardo,Pineda,Male,daltoncalvin@example.net,(035)961-5060x9182,3/10/1926,Hospital pharmacist,47,1419,214,9800,Australia,Napoli
70,e75e5DBfcb68887,Sandra,Wu,Male,ubanks@example.com,+1-096-606-6454x067,4/28/1925,Warehouse manager,46,1905,1066,9980,Finland,Colorado
71,6a53a8D41dDF6de,Ryan,Benton,Male,lopezdebbie@example.org,+1-695-557-9948x485,10/6/2020,Economist,19,2474,1722,12702,Ethiopia,Moscow
72,F0d3bD1aaf9E3Bc,Tamara,Hull,Male,meagan39@example.net,017.665.3744x7944,1/31/1933,English as a second language teacher,41,2206,394,11480,China,Athens
73,5bC87340799FBD0,Jean,Ritter,Female,kristina76@example.com,(954)060-1066,8/6/1985,Financial trader,23,2906,188,7591,South Africa,Moscow
74,dBfA17Aaf16b4ab,Veronica,Briggs,Female,weissbridget@example.com,+1-521-589-2387x48490,6/8/1974,Structural engineer,25,524,1569,5611,Ethiopia,Athens
75,c935b7Eb6FA0B0F,Kim,Andrews,Female,wpetersen@example.org,7677125383,11/15/1990,Biochemist clinical,39,2742,1872,11763,Canada,Addis Ababa
76,b3e15e65Ca2CcBf,Tina,Cunningham,Male,wongmary@example.org,079-907-5051,11/29/1956,Race relations officer,53,1383,1639,13113,Finland,Addis Ababa
77,dade3452F0c32FD,Jonathon,Atkinson,Male,gailfrench@example.net,874-037-2032x932,7/19/2011,Psychologist forensic,24,621,2482,8331,South Korea,Madrid
78,AdEd6cfD85DeC46,Jermaine,Reid,Female,vpaul@example.com,(742)214-8691,8/18/1974,Newspaper journalist,48,487,994,2133,South Africa,Gondar
79,DAf111987098ae4,Regina,Stevens,Male,xpoole@example.net,891-359-2684,11/28/2011,Public house manager,48,1066,2029,8201,Canada,Kiyv
80,6e6a5b885F6496d,Terrence,Huff,Male,cassandra80@example.org,221.800.6408x5416,2/27/1944,Careers information officer,45,1024,915,19948,UK,Jimma
81,12DCb4ED8E01D5C,Tyler,Foley,Female,johnathan72@example.org,001-386-469-3075x8030,9/19/1908,Economist,26,984,1875,11765,Canada,Hawassa
82,E1cB5cA8CA7CC0a,Andrew,Waters,Male,nhall@example.net,+1-376-865-2765x3351,5/14/1948,Jewellery designer,47,1516,1265,6251,Russia,Napoli
83,AedDfaE8Cf49F07,Shelby,Stephenson,Male,erikaball@example.net,+1-832-500-6044x475,2/8/2010,Contracting civil engineer,58,1565,1891,2742,Ukraine,Arba Minch
84,bff9853aFAeF772,Douglas,Reese,Female,nixonvanessa@example.net,001-834-660-8312x9864,11/11/1961,Higher education lecturer,34,655,2618,10064,China,Madrid
85,E883773cA5219Be,Helen,Williamson,Female,melvin08@example.net,001-377-726-4229,8/11/1911,Psychologist forensic,24,1586,2784,1879,Switherland,Alamosa
86,CB19EafEbBfF9eC,Mario,Vaughn,Male,oblake@example.com,160-144-5039x12276,7/8/1990,IT sales professional,25,1050,309,12645,Ethiopia,Alamosa
87,5834700fbEd2771,Chelsea,Dickson,Male,johnnyhendricks@example.net,001-698-651-0138x18588,5/13/1958,Teacher early years/pre,41,2093,956,19456,South Korea,Jimma
88,2b0Ab1Dc9E01D7E,Dustin,Bailey,Male,pbarron@example.net,+1-965-621-1157x345,8/22/1908,Travel agency manager,55,1012,2467,14817,Russia,Moscow
89,3f3a3D89ad042Dd,Harry,Medina,Female,olsenmalik@example.net,-6354,8/24/1947,Technical sales engineer,56,100,2580,27690,Ghana,Madrid
90,9425E2F38C408ef,Kathy,Haney,Female,teresa37@example.com,(164)105-8456,9/2/1955,Charity fundraiser,35,1562,467,22992,France,Adama
91,F0aeC9c2759F3C6,Alison,Nixon,Female,zmiles@example.net,3506680871,7/10/1941,Patent attorney,28,481,1584,16596,Kenya,Napoli
92,d6EA619A7C4aA95,Jamie,Hardy,Female,sheenadouglas@example.com,(900)803-9295x11533,7/17/1994,Conservator furniture,23,1458,2650,1954,South Korea,Hawassa
93,2A33E7Cad1bb0F5,Melody,Cox,Female,evan90@example.org,(626)520-5080x3511,7/30/1974,Dance movement psychotherapist,58,2599,84,19069,UK,Addis Ababa
94,d181FFB7d3E68bb,Xavier,Cole,Male,nicolas90@example.org,8164259975,11/29/1938,Financial planner,54,2830,2875,29237,Ukraine,Athens
95,feaBf8dAE0C0d6F,Dillon,Guzman,Female,angelanavarro@example.net,971-992-4521,4/1/1942,Air broker,20,993,1953,24608,UK,Adama
96,5eFda7caAeB260E,Dennis,Barnes,Female,bmartin@example.org,001-095-524-2112x257,7/30/1954,Software engineer,34,2949,2689,9608,Canada,Colorado
97,CCbFce93d3720bE,Steve,Patterson,Female,latasha46@example.net,001-865-478-5157,4/29/1932,Barrister,44,2499,669,13588,Canada,Jimma
98,2fEc528aFAF0b69,Shelby,Bray,Male,regina11@example.org,995-542-3004x76800,12/28/1994,Police officer,56,2040,1681,25161,Ukraine,Adama
99,Adc7ad9B6e4A1Fe,Summer,Oconnell,Female,alexiscantrell@example.org,001-273-685-6932x092,4/12/2012,Broadcast journalist,39,2846,153,14518,Kenya,Moscow
100,b8D0aD3490FC7e1,Mariah,Bernard,Male,pcopeland@example.org,(341)594-6554x44657,11/15/2016,IT sales professional,24,1755,2365,18934,Ghana,Adama
